{
  "model": "Qwen/Qwen3.5-27B",
  "n_layers": 64,
  "cal_samples": 100,
  "scores": {
    "gradient_norm": [
      0.04080480505503139,
      0.018105058483260102,
      0.018791509202984363,
      0.02381349607843915,
      0.013118504445318884,
      0.014160401671472221,
      0.017262068902372366,
      0.013627948122844503,
      0.011764175225222783,
      0.012757037312143485,
      0.01792515136978274,
      0.013290661553740209,
      0.01122133689772116,
      0.011886114763509597,
      0.011954428833127733,
      0.011209572702552755,
      0.011627862589899205,
      0.012125169348317949,
      0.02133536546588671,
      0.01422522554641767,
      0.010043553404167214,
      0.021576381173854818,
      0.00909376510543206,
      0.009154240517212323,
      0.010206159604941024,
      0.013210396978214892,
      0.013129172842475554,
      0.013012602889646676,
      0.012848189668460968,
      0.012492455392318465,
      0.013924364563076035,
      0.014555930304561785,
      0.013096534852432392,
      0.01420087917426357,
      0.017401897540205144,
      0.0155234071681141,
      0.013201300558651326,
      0.012106343553343696,
      0.010812813232478347,
      0.011453243798784584,
      0.01416992022970044,
      0.013342730227961874,
      0.015438297760647864,
      0.017270151309729583,
      0.01454475452211413,
      0.014514230472408678,
      0.01849030388164037,
      0.020725285517623385,
      0.020150481887333847,
      0.019135598409787746,
      0.02703139126852734,
      0.025887462536284274,
      0.02231721720705587,
      0.019591908127702656,
      0.020092400260015405,
      0.016208620638735433,
      0.012790048306827513,
      0.011096769119010162,
      0.012052074363862018,
      0.018480626572018207,
      0.019926830689184268,
      0.007886269378403242,
      0.01642368615200323,
      0.020383415268742495
    ],
    "activation_norm": [
      0.0020938994489976496,
      0.0028323878328539824,
      0.00256547213343603,
      0.003897514207242818,
      0.004595737229615001,
      0.005070456628950499,
      0.0052519061110821,
      0.005961476418904678,
      0.006321493496179212,
      0.006540094980558083,
      0.006719882409806908,
      0.007735181657342601,
      0.008115208503431127,
      0.008312857402465575,
      0.008392143333724043,
      0.008902310613287542,
      0.009114758122919774,
      0.009059375110124626,
      0.009685768098134158,
      0.009779802251652604,
      0.009697143061685601,
      0.01076005006241621,
      0.011233463636280588,
      0.011112274453137998,
      0.010968274282846233,
      0.011134290292865662,
      0.011348845517492058,
      0.011525827391381324,
      0.01140249440394472,
      0.011249302607029884,
      0.011173690240562084,
      0.011535008004590968,
      0.01140283868482558,
      0.011428826292626353,
      0.011569073885428724,
      0.01203818000553291,
      0.012464315308630347,
      0.013418837809570741,
      0.013766194455552307,
      0.013822084979055018,
      0.013806215727990047,
      0.01393653642396929,
      0.014012881878982454,
      0.014762105206445332,
      0.014830707259273717,
      0.014939808918901568,
      0.01489155739357854,
      0.015828771066779435,
      0.01602581464863528,
      0.016638233665234325,
      0.0175363024077724,
      0.020793808406366496,
      0.022754786042154914,
      0.024311572561673784,
      0.02811859384837521,
      0.03031445305409883,
      0.03130125594865183,
      0.03238951598480378,
      0.03374425121012156,
      0.03939127133457878,
      0.042618625077996526,
      0.0460425138411627,
      0.049049953112068986,
      0.06796172361421995
    ],
    "fisher": [
      0.09593243049235367,
      0.018898913111320505,
      0.020345732931983912,
      0.032687945718910004,
      0.009917049329297743,
      0.011557702470763634,
      0.017166216523545278,
      0.010701720532216803,
      0.00797303786761566,
      0.009376556951940495,
      0.018503087581047864,
      0.010173519553761806,
      0.0072531371643517065,
      0.008142411896745038,
      0.008233598999577913,
      0.00723786952101481,
      0.007791840900699519,
      0.008467214804500146,
      0.026208057673112774,
      0.011664476450306147,
      0.005808924503476973,
      0.026786746915854805,
      0.004761125158479142,
      0.004825535544162756,
      0.0059970282935698895,
      0.010055271444653869,
      0.009919959804833699,
      0.009750380044200303,
      0.009505675715995471,
      0.008987483596707901,
      0.011167912215980121,
      0.012198292813023641,
      0.009881145195364534,
      0.011617238324732904,
      0.017440123957205803,
      0.013883767430579319,
      0.01003768178738088,
      0.008448075187694748,
      0.006734891981131066,
      0.0075517876500962,
      0.011565087896629663,
      0.010259380228329871,
      0.013725621498787153,
      0.01718598458899415,
      0.012179097627825262,
      0.012131108984472025,
      0.019686265466343087,
      0.024737367873495023,
      0.023374136696702397,
      0.021094240214938234,
      0.042126056299839884,
      0.03861386849374289,
      0.028692716071513785,
      0.022113934762962875,
      0.02326441783068318,
      0.015146671211011258,
      0.009432144901964087,
      0.0070986532354908125,
      0.008368815851454096,
      0.019676631358700018,
      0.022869458980096867,
      0.003584163171546444,
      0.015541008220734863,
      0.023941600493552637
    ]
  },
  "ranks": {
    "gradient_norm": [
      63,
      46,
      49,
      60,
      23,
      31,
      42,
      29,
      11,
      18,
      45,
      27,
      8,
      12,
      13,
      7,
      10,
      16,
      57,
      34,
      3,
      58,
      1,
      2,
      4,
      26,
      24,
      21,
      20,
      17,
      30,
      37,
      22,
      33,
      44,
      39,
      25,
      15,
      5,
      9,
      32,
      28,
      38,
      43,
      36,
      35,
      48,
      56,
      54,
      50,
      62,
      61,
      59,
      51,
      53,
      40,
      19,
      6,
      14,
      47,
      52,
      0,
      41,
      55
    ],
    "activation_norm": [
      0,
      2,
      1,
      3,
      4,
      5,
      6,
      7,
      8,
      9,
      10,
      11,
      12,
      13,
      14,
      15,
      17,
      16,
      18,
      20,
      19,
      21,
      26,
      23,
      22,
      24,
      28,
      32,
      29,
      27,
      25,
      33,
      30,
      31,
      34,
      35,
      36,
      37,
      38,
      40,
      39,
      41,
      42,
      43,
      44,
      46,
      45,
      47,
      48,
      49,
      50,
      51,
      52,
      53,
      54,
      55,
      56,
      57,
      58,
      59,
      60,
      61,
      62,
      63
    ],
    "fisher": [
      63,
      46,
      49,
      60,
      23,
      31,
      42,
      29,
      11,
      18,
      45,
      27,
      8,
      12,
      13,
      7,
      10,
      16,
      57,
      34,
      3,
      58,
      1,
      2,
      4,
      26,
      24,
      21,
      20,
      17,
      30,
      37,
      22,
      33,
      44,
      39,
      25,
      15,
      5,
      9,
      32,
      28,
      38,
      43,
      36,
      35,
      48,
      56,
      54,
      50,
      62,
      61,
      59,
      51,
      53,
      40,
      19,
      6,
      14,
      47,
      52,
      0,
      41,
      55
    ]
  },
  "spearman_correlation": {
    "gradient_norm": {
      "gradient_norm": 1.0,
      "activation_norm": 0.1914,
      "fisher": 1.0
    },
    "activation_norm": {
      "gradient_norm": 0.1914,
      "activation_norm": 1.0,
      "fisher": 0.1914
    },
    "fisher": {
      "gradient_norm": 1.0,
      "activation_norm": 0.1914,
      "fisher": 1.0
    }
  }
}